Place,
Hero,https://res.cloudinary.com/dqwd7hbl6/image/upload/v1776260680/Hero_vmnesf.png
Create a postcard,https://res.cloudinary.com/dqwd7hbl6/image/upload/v1776259783/Scene_Container_1_sxpd8a.png
Make it personal,https://res.cloudinary.com/dqwd7hbl6/image/upload/v1776259784/Scene_Container_3_q6d0uu.png
Send & collect,https://res.cloudinary.com/dqwd7hbl6/image/upload/v1776259783/Scene_Container_2_gmhdfi.png
build your own collection - front,https://res.cloudinary.com/dqwd7hbl6/image/upload/v1776260409/Postcard_1_vggrdf.png
build your own collection - back,https://res.cloudinary.com/dqwd7hbl6/image/upload/v1776259785/postcard_2_s1tila.png
Dearly logo,https://res.cloudinary.com/dqwd7hbl6/image/upload/v1776260207/Logo_kaarkv.png
Stamp 1,https://res.cloudinary.com/dqwd7hbl6/image/upload/v1776259784/Basic_stamp_ow9rf4.png
Stamp 2,https://res.cloudinary.com/dqwd7hbl6/image/upload/v1776259783/Basic_stamp-1_foeywo.png
Stamp 3,https://res.cloudinary.com/dqwd7hbl6/image/upload/v1776259782/Basic_stamp-3_pspbqu.png
Stamp 4,https://res.cloudinary.com/dqwd7hbl6/image/upload/v1776259782/Basic_stamp-2_pzfxwl.png
,
Closed letter,https://res.cloudinary.com/dqwd7hbl6/image/upload/v1778754037/close_letter_gfvlvf.png
Open letter,https://res.cloudinary.com/dqwd7hbl6/image/upload/v1778754072/open_letter_nvl2o3.png